Workbook

Sheet Human Evaluation
A1: Participant ID | B1: Prediction Correct / Incorrect | C1: Prediction Accuracy (1-5) | D1: Ease of Use (1-5) | E1: Clarity of Result (1-5) | F1: Confidence in Result (1-5) | G1: Average Rating | H1: Open Comments | I1: Overall Feedback
A2: P001 | G2: =IF(COUNT(C2:F2)=0,"",ROUND(AVERAGE(C2:F2),2))
A3: P002 | G3: =IF(COUNT(C3:F3)=0,"",ROUND(AVERAGE(C3:F3),2))
A4: P003 | G4: =IF(COUNT(C4:F4)=0,"",ROUND(AVERAGE(C4:F4),2))
A5: P004 | G5: =IF(COUNT(C5:F5)=0,"",ROUND(AVERAGE(C5:F5),2))
A6: P005 | G6: =IF(COUNT(C6:F6)=0,"",ROUND(AVERAGE(C6:F6),2))
A7: P006 | G7: =IF(COUNT(C7:F7)=0,"",ROUND(AVERAGE(C7:F7),2))
A8: P007 | G8: =IF(COUNT(C8:F8)=0,"",ROUND(AVERAGE(C8:F8),2))
A9: P008 | G9: =IF(COUNT(C9:F9)=0,"",ROUND(AVERAGE(C9:F9),2))
A10: P009 | G10: =IF(COUNT(C10:F10)=0,"",ROUND(AVERAGE(C10:F10),2))
A11: P010 | G11: =IF(COUNT(C11:F11)=0,"",ROUND(AVERAGE(C11:F11),2))
A12: P011 | G12: =IF(COUNT(C12:F12)=0,"",ROUND(AVERAGE(C12:F12),2))
A13: P012 | G13: =IF(COUNT(C13:F13)=0,"",ROUND(AVERAGE(C13:F13),2))
... A101: P100 | G101: =IF(COUNT(C101:F101)=0,"",ROUND(AVERAGE(C101:F101),2))

Sheet Summary Dashboard
A1: Human Evaluation Summary Dashboard
A3: Measure | B3: Value | D3: Evaluation Factor | E3: Average Rating
A4: Total Participants | B4: =COUNTA('Human Evaluation'!A2:A101) | D4: Prediction Accuracy | E4: =IFERROR(AVERAGE('Human Evaluation'!C2:C101),"")
A5: Completed Evaluations | B5: =COUNT('Human Evaluation'!G2:G101) | D5: Ease of Use | E5: =IFERROR(AVERAGE('Human Evaluation'!D2:D101),"")
A6: Prediction Correct | B6: =COUNTIF('Human Evaluation'!B2:B101,"Correct") | D6: Clarity of Result | E6: =IFERROR(AVERAGE('Human Evaluation'!E2:E101),"")
A7: Prediction Incorrect | B7: =COUNTIF('Human Evaluation'!B2:B101,"Incorrect") | D7: Confidence in Result | E7: =IFERROR(AVERAGE('Human Evaluation'!F2:F101),"")
A8: Average Prediction Accuracy | B8: =IFERROR(AVERAGE('Human Evaluation'!C2:C101),"")
A9: Average Ease of Use | B9: =IFERROR(AVERAGE('Human Evaluation'!D2:D101),"")
A10: Average Clarity of Result | B10: =IFERROR(AVERAGE('Human Evaluation'!E2:E101),"")
A11: Average Confidence in Result | B11: =IFERROR(AVERAGE('Human Evaluation'!F2:F101),"")
A12: Overall Average Rating | B12: =IFERROR(AVERAGE('Human Evaluation'!G2:G101),"")

Sheet Instructions
A1: Human Evaluation Workbook
A3: How to use this workbook
A4: 1. Open the 'Human Evaluation' sheet.
A5: 2. Select Correct or Incorrect from the Prediction Assessment dropdown.
A6: 3. Select a rating from 1 to 5 for each of the four evaluation factors.
A7: 4. Enter Open Comments if required.
A8: 5. Enter Overall Feedback.
A9: 6. Average Rating is calculated automatically.
A10: 7. Use the filter arrows in the table header to sort or filter participants.
A11: 8. Open 'Summary Dashboard' to view automatically calculated results.
